Son;5;192.168.3.30;1738490504
John;;192.168.2.121;1738490505
Henderson;5;192.168.1.130;1738490506
Arnold;3;192.168.0.202;1738490507
Nelson;5;192.168.0.120;1738490508
Sophia;5;192.168.3.52;1738490509
Arnold;5;192.168.0.156;1738490510
Son;1;192.168.0.133;1738490511
Arnold;1;192.168.0.62;1738490512
Son;5;192.168.0.246;1738490513
Patrick;3;192.168.3.221;1738490514
Salah;3;192.168.1.123;1738490515
Henderson;5;192.168.3.125;1738490516
John;5;192.168.0.226;1738490517
Sophia;5;192.168.2.118;1738490518
Sophia;;192.168.0.218;1738490519
Nelson;5;192.168.3.21;1738490520
Nelson;3;192.168.0.156;1738490521
Patrick;1;192.168.3.79;1738490522
Maria;1;192.168.2.183;1738490523
Arnold;3;192.168.2.193;1738490524
Henderson;5;192.168.2.239;1738490525
John;1;192.168.1.105;1738490526
Henderson;3;192.168.1.248;1738490527
Arnold;3;192.168.3.194;1738490528
Henderson;5;192.168.3.110;1738490529
Son;5;192.168.1.83;1738490530
Salah;5;192.168.0.59;1738490531
John;5;192.168.0.55;1738490532
John;5;192.168.2.117;1738490533
Kim;;192.168.0.77;1738490534
Kim;1;192.168.0.38;1738490535
Arnold;1;192.168.0.54;1738490536
Kim;;192.168.3.73;1738490537
Kim;1;192.168.0.62;1738490538
Maria;5;192.168.2.42;1738490539
Patrick;3;192.168.3.141;1738490540
Patrick;5;192.168.2.240;1738490541
Patrick;;192.168.3.180;1738490542
John;3;192.168.1.57;1738490543
Arnold;1;192.168.2.99;1738490544
Nelson;;192.168.2.186;1738490545
Arnold;;192.168.0.67;1738490546
Sophia;1;192.168.1.55;1738490547
Nelson;3;192.168.2.17;1738490548
Patrick;;192.168.2.196;1738490549
Patrick;3;192.168.1.3;1738490550
Henderson;;192.168.2.89;1738490551
John;5;192.168.0.254;1738490552
Patrick;5;192.168.1.168;1738490553
Kim;1;192.168.0.23;1738490554
Maria;3;192.168.2.40;1738490555
Nelson;5;192.168.0.71;1738490556
John;1;192.168.2.27;1738490557
Arnold;1;192.168.2.106;1738490558
Kim;;192.168.1.39;1738490559
Henderson;;192.168.2.160;1738490560
Patrick;;192.168.3.151;1738490561
Patrick;1;192.168.0.138;1738490562
Maria;;192.168.3.98;1738490563
Son;1;192.168.1.213;1738490564
Kim;5;192.168.3.161;1738490565
Maria;1;192.168.1.90;1738490566
Nelson;1;192.168.2.78;1738490567
Son;5;192.168.2.159;1738490568
Nelson;1;192.168.1.210;1738490569
Salah;3;192.168.3.79;1738490570
Son;3;192.168.0.76;1738490571
Nelson;1;192.168.3.7;1738490572
Sophia;;192.168.1.45;1738490573
Patrick;3;192.168.2.54;1738490574
Sophia;3;192.168.3.176;1738490575
Sophia;1;192.168.2.215;1738490576
Henderson;;192.168.2.122;1738490577
Salah;;192.168.0.224;1738490578
John;3;192.168.1.227;1738490579
Arnold;1;192.168.0.202;1738490580
Salah;5;192.168.0.101;1738490581
Sophia;1;192.168.3.128;1738490582
Maria;1;192.168.1.126;1738490583
Nelson;;192.168.3.217;1738490584
Son;3;192.168.1.94;1738490585
John;5;192.168.3.62;1738490586
Patrick;3;192.168.0.62;1738490587
Arnold;1;192.168.1.191;1738490588
Kim;5;192.168.0.16;1738490589
Salah;1;192.168.3.174;1738490590
Son;5;192.168.1.61;1738490591
Salah;3;192.168.1.28;1738490592
Arnold;3;192.168.3.55;1738490593
Sophia;5;192.168.3.216;1738490594
Son;1;192.168.0.221;1738490595
Kim;;192.168.1.136;1738490596
Maria;1;192.168.3.31;1738490597
Salah;3;192.168.3.152;1738490598
Henderson;1;192.168.2.254;1738490599
Arnold;;192.168.2.142;1738490600
Salah;5;192.168.1.102;1738490601
Son;1;192.168.3.122;1738490602
Sophia;3;192.168.1.148;1738490603
Arnold;3;192.168.1.19;1738490604
Nelson;;192.168.2.29;1738490605
Sophia;3;192.168.0.57;1738490606
Salah;5;192.168.0.26;1738490607
Henderson;1;192.168.0.207;1738490608
Patrick;3;192.168.1.86;1738490609
Nelson;5;192.168.2.167;1738490610
Nelson;;192.168.2.46;1738490611
Kim;1;192.168.1.84;1738490612
Nelson;5;192.168.2.218;1738490613
Arnold;;192.168.1.147;1738490614
John;;192.168.2.25;1738490615
Maria;5;192.168.0.149;1738490616
Son;5;192.168.0.37;1738490617
Maria;1;192.168.2.14;1738490618
Kim;1;192.168.3.189;1738490619
Nelson;3;192.168.0.80;1738490620
Son;3;192.168.0.162;1738490621
Arnold;;192.168.0.239;1738490622
Kim;;192.168.2.2;1738490623
Kim;3;192.168.3.236;1738490624
Sophia;;192.168.3.208;1738490625
Sophia;1;192.168.0.49;1738490626
Salah;1;192.168.0.204;1738490627
Son;3;192.168.1.108;1738490628
Maria;3;192.168.1.133;1738490629
Henderson;1;192.168.3.153;1738490630
Kim;3;192.168.3.49;1738490631
Nelson;1;192.168.0.137;1738490632
Maria;1;192.168.1.130;1738490633
Maria;;192.168.2.18;1738490634
Sophia;1;192.168.3.212;1738490635
Nelson;5;192.168.0.203;1738490636
Kim;1;192.168.2.159;1738490637
Salah;3;192.168.0.117;1738490638
Henderson;3;192.168.2.22;1738490639
Arnold;3;192.168.2.86;1738490640
John;;192.168.3.206;1738490641
Sophia;5;192.168.1.156;1738490642
Son;3;192.168.2.134;1738490643
Henderson;3;192.168.3.201;1738490644
Salah;3;192.168.0.248;1738490645
Kim;5;192.168.1.155;1738490646
Salah;3;192.168.0.194;1738490647
Nelson;1;192.168.2.46;1738490648
Patrick;5;192.168.1.235;1738490649
Patrick;1;192.168.3.153;1738490650
Patrick;;192.168.3.228;1738490651
Maria;1;192.168.1.91;1738490652
Salah;3;192.168.3.91;1738490653
Nelson;1;192.168.0.205;1738490654
Henderson;;192.168.1.4;1738490655
Salah;;192.168.1.217;1738490656
Maria;3;192.168.3.179;1738490657
John;;192.168.1.30;1738490658
Son;5;192.168.1.239;1738490659
Henderson;5;192.168.2.203;1738490660
Arnold;5;192.168.1.201;1738490661
Salah;;192.168.2.158;1738490662
Maria;3;192.168.3.141;1738490663
Kim;;192.168.3.153;1738490664
Salah;5;192.168.1.199;1738490665
Sophia;5;192.168.2.185;1738490666
John;;192.168.0.71;1738490667
Sophia;3;192.168.3.77;1738490668
Nelson;1;192.168.1.141;1738490669
Maria;;192.168.1.181;1738490670
Henderson;;192.168.2.24;1738490671
Sophia;;192.168.3.182;1738490672
Nelson;5;192.168.1.65;1738490673
Maria;;192.168.2.66;1738490674
Salah;3;192.168.0.221;1738490675
Maria;;192.168.0.210;1738490676
Patrick;1;192.168.0.21;1738490677
Sophia;5;192.168.3.135;1738490678
Patrick;1;192.168.0.25;1738490679
Nelson;1;192.168.1.158;1738490680
Salah;5;192.168.3.146;1738490681
Henderson;1;192.168.3.53;1738490682
Sophia;3;192.168.0.105;1738490683
Nelson;;192.168.3.197;1738490684
Son;;192.168.0.80;1738490685
Sophia;5;192.168.0.81;1738490686
Salah;;192.168.1.47;1738490687
Patrick;;192.168.1.78;1738490688
Nelson;3;192.168.0.151;1738490689
Patrick;5;192.168.1.148;1738490690
Kim;3;192.168.1.209;1738490691
Henderson;;192.168.3.9;1738490692
Henderson;5;192.168.1.40;1738490693
Arnold;3;192.168.3.106;1738490694
Nelson;3;192.168.1.243;1738490695
John;;192.168.0.102;1738490696
John;;192.168.1.227;1738490697
Nelson;3;192.168.0.145;1738490698
Maria;3;192.168.0.211;1738490699
Maria;1;192.168.0.117;1738490700
Arnold;3;192.168.1.229;1738490701
Son;5;192.168.3.60;1738490702
Arnold;;192.168.1.68;1738490703
Patrick;3;192.168.1.9;1738490704
John;1;192.168.1.228;1738490705
Kim;5;192.168.2.167;1738490706
Son;1;192.168.0.124;1738490707
Henderson;5;192.168.0.36;1738490708
Patrick;1;192.168.2.134;1738490709
John;;192.168.2.158;1738490710
Arnold;5;192.168.0.195;1738490711
Sophia;1;192.168.2.145;1738490712
Arnold;5;192.168.2.84;1738490713
John;5;192.168.0.199;1738490714
Son;;192.168.1.25;1738490715
Henderson;3;192.168.3.96;1738490716
Kim;1;192.168.1.142;1738490717
Nelson;3;192.168.1.205;1738490718
Son;5;192.168.3.249;1738490719
Salah;;192.168.1.53;1738490720
Sophia;;192.168.1.31;1738490721
Salah;5;192.168.0.98;1738490722
Maria;5;192.168.1.64;1738490723
Arnold;;192.168.0.183;1738490724
Son;5;192.168.1.153;1738490725
Nelson;3;192.168.0.216;1738490726
Sophia;;192.168.1.31;1738490727
Sophia;3;192.168.1.148;1738490728
Maria;3;192.168.0.203;1738490729
Patrick;3;192.168.0.1;1738490730
Salah;5;192.168.2.156;1738490731
Arnold;3;192.168.3.57;1738490732
Maria;;192.168.2.112;1738490733
Son;;192.168.2.149;1738490734
Nelson;3;192.168.3.34;1738490735
Son;3;192.168.0.119;1738490736
Maria;5;192.168.0.189;1738490737
Henderson;5;192.168.3.171;1738490738
Patrick;1;192.168.3.15;1738490739
Son;3;192.168.3.176;1738490740
John;3;192.168.0.69;1738490741
Son;3;192.168.2.250;1738490742
Kim;3;192.168.3.232;1738490743
Sophia;;192.168.3.169;1738490744
Maria;3;192.168.2.70;1738490745
Patrick;3;192.168.1.56;1738490746
Nelson;1;192.168.3.228;1738490747
Son;3;192.168.3.61;1738490748
Arnold;1;192.168.2.36;1738490749
Patrick;3;192.168.2.40;1738490750
Salah;1;192.168.3.206;1738490751
Patrick;5;192.168.1.97;1738490752
Kim;5;192.168.1.250;1738490753
Salah;;192.168.0.115;1738490754
Maria;1;192.168.3.150;1738490755
Salah;;192.168.0.189;1738490756
Sophia;3;192.168.2.208;1738490757
Son;3;192.168.0.242;1738490758
Arnold;1;192.168.1.137;1738490759
Nelson;5;192.168.0.244;1738490760
Henderson;;192.168.3.63;1738490761
Nelson;3;192.168.2.6;1738490762
Salah;5;192.168.0.211;1738490763
Maria;1;192.168.0.145;1738490764
Sophia;;192.168.2.252;1738490765
Sophia;;192.168.1.161;1738490766
Arnold;5;192.168.1.203;1738490767
Patrick;5;192.168.2.102;1738490768
Sophia;3;192.168.2.248;1738490769
Patrick;;192.168.2.99;1738490770
Sophia;;192.168.1.198;1738490771
Nelson;5;192.168.3.205;1738490772
Salah;3;192.168.2.2;1738490773
Kim;3;192.168.0.59;1738490774
Sophia;1;192.168.0.247;1738490775
Salah;3;192.168.3.99;1738490776
Arnold;;192.168.3.195;1738490777
Nelson;3;192.168.0.23;1738490778
John;1;192.168.0.170;1738490779
Sophia;;192.168.1.205;1738490780
Arnold;;192.168.3.121;1738490781
Nelson;1;192.168.2.164;1738490782
John;;192.168.3.102;1738490783
Sophia;1;192.168.2.128;1738490784
Sophia;1;192.168.0.166;1738490785
John;5;192.168.2.130;1738490786
Arnold;;192.168.2.78;1738490787
Patrick;1;192.168.3.222;1738490788
Sophia;3;192.168.1.115;1738490789
Henderson;1;192.168.1.29;1738490790
John;;192.168.2.238;1738490791
Kim;3;192.168.0.151;1738490792
Nelson;5;192.168.0.53;1738490793
Kim;5;192.168.2.73;1738490794
Henderson;;192.168.3.37;1738490795
Maria;;192.168.1.63;1738490796
Nelson;1;192.168.3.187;1738490797
Salah;5;192.168.3.175;1738490798
Nelson;1;192.168.1.69;1738490799
Arnold;;192.168.1.198;1738490800
Salah;3;192.168.3.155;1738490801
Salah;;192.168.3.230;1738490802
Kim;;192.168.3.34;1738490803
John;;192.168.1.181;1738490804
Patrick;5;192.168.0.175;1738490805
Sophia;;192.168.3.117;1738490806
Son;5;192.168.0.182;1738490807
Patrick;3;192.168.1.15;1738490808
Son;;192.168.3.88;1738490809
Salah;5;192.168.2.153;1738490810
Nelson;5;192.168.3.19;1738490811
Maria;1;192.168.3.37;1738490812
Son;5;192.168.1.46;1738490813
Son;;192.168.2.25;1738490814
Arnold;5;192.168.3.25;1738490815
Sophia;5;192.168.2.91;1738490816
Nelson;1;192.168.3.211;1738490817
John;1;192.168.2.106;1738490818
Son;;192.168.3.107;1738490819
John;1;192.168.3.36;1738490820
Son;3;192.168.2.156;1738490821
Kim;5;192.168.1.120;1738490822
Henderson;5;192.168.2.59;1738490823
Maria;;192.168.2.139;1738490824
Arnold;5;192.168.2.165;1738490825
John;;192.168.2.55;1738490826
Son;;192.168.3.70;1738490827
Nelson;1;192.168.1.131;1738490828
Arnold;1;192.168.3.144;1738490829
Nelson;1;192.168.0.252;1738490830
Kim;1;192.168.1.145;1738490831
Nelson;;192.168.1.251;1738490832
Nelson;5;192.168.2.37;1738490833
Nelson;3;192.168.3.74;1738490834
Nelson;;192.168.2.50;1738490835
Sophia;1;192.168.0.171;1738490836
Sophia;5;192.168.2.74;1738490837
Henderson;;192.168.2.178;1738490838
Patrick;;192.168.3.161;1738490839
Son;3;192.168.0.141;1738490840
Salah;3;192.168.0.66;1738490841
Maria;;192.168.0.126;1738490842
Maria;3;192.168.1.155;1738490843
Kim;5;192.168.3.5;1738490844
Maria;1;192.168.0.139;1738490845
Sophia;1;192.168.3.175;1738490846
Sophia;5;192.168.3.68;1738490847
Arnold;1;192.168.2.160;1738490848
Sophia;;192.168.3.239;1738490849
Nelson;1;192.168.1.179;1738490850
Henderson;;192.168.0.216;1738490851
John;1;192.168.1.76;1738490852
Maria;1;192.168.0.127;1738490853
John;;192.168.2.49;1738490854
Kim;1;192.168.1.56;1738490855
John;5;192.168.3.8;1738490856
Patrick;5;192.168.0.120;1738490857
Nelson;;192.168.0.25;1738490858
Patrick;3;192.168.2.31;1738490859
Henderson;3;192.168.2.39;1738490860
Arnold;;192.168.2.54;1738490861
Nelson;;192.168.0.202;1738490862
Son;1;192.168.2.23;1738490863
John;;192.168.3.211;1738490864
Patrick;5;192.168.0.46;1738490865
Henderson;3;192.168.0.176;1738490866
Patrick;1;192.168.3.57;1738490867
John;;192.168.2.40;1738490869
John;3;192.168.3.43;1738490870
Kim;1;192.168.0.142;1738490871
Patrick;;192.168.2.40;1738490872
Maria;1;192.168.2.199;1738490873
Patrick;5;192.168.2.166;1738490874
Kim;1;192.168.0.28;1738490875
Nelson;1;192.168.1.149;1738490876
Salah;5;192.168.2.197;1738490877
John;5;192.168.3.202;1738490878
Son;1;192.168.3.59;1738490879
Kim;3;192.168.3.26;1738490880
Patrick;;192.168.3.19;1738490881
Maria;3;192.168.0.62;1738490882
Patrick;3;192.168.2.36;1738490883
Nelson;1;192.168.0.151;1738490884
Patrick;;192.168.0.79;1738490885
Patrick;5;192.168.2.14;1738490886
Henderson;;192.168.3.134;1738490887
Kim;1;192.168.1.243;1738490888
Sophia;;192.168.0.147;1738490889
Nelson;1;192.168.3.199;1738490890
Salah;1;192.168.1.247;1738490891
Nelson;3;192.168.2.247;1738490892
Patrick;5;192.168.3.83;1738490893
Nelson;3;192.168.2.96;1738490894
Arnold;;192.168.2.186;1738490895
Sophia;;192.168.3.186;1738490896
Henderson;3;192.168.0.160;1738490897
Sophia;1;192.168.0.156;1738490898
Patrick;1;192.168.3.169;1738490899
Salah;5;192.168.1.154;1738490900
Arnold;5;192.168.0.35;1738490901
Maria;5;192.168.2.141;1738490902
Henderson;1;192.168.1.162;1738490903
John;5;192.168.1.188;1738490904
Henderson;;192.168.2.235;1738490905
Nelson;;192.168.1.10;1738490906
Nelson;;192.168.1.51;1738490907
Maria;5;192.168.3.100;1738490908
Henderson;5;192.168.2.115;1738490909
Henderson;3;192.168.2.79;1738490910
Sophia;1;192.168.2.90;1738490911
Nelson;5;192.168.0.241;1738490912
Son;;192.168.0.15;1738490913
Son;1;192.168.1.180;1738490914
Son;1;192.168.3.1;1738490915
Son;;192.168.2.16;1738490916
Maria;1;192.168.3.223;1738490917
Patrick;1;192.168.1.132;1738490918
Son;;192.168.3.9;1738490919
Nelson;;192.168.3.179;1738490920
Son;3;192.168.0.29;1738490921
Henderson;3;192.168.0.29;1738490922
Son;;192.168.2.207;1738490923
Henderson;1;192.168.3.122;1738490924
Salah;;192.168.1.19;1738490925
Henderson;5;192.168.0.141;1738490926
Sophia;;192.168.3.107;1738490927
Patrick;1;192.168.0.208;1738490928
Salah;5;192.168.0.177;1738490929
Patrick;3;192.168.2.205;1738490930
Salah;;192.168.1.200;1738490931
John;3;192.168.3.173;1738490932
John;3;192.168.1.140;1738490933
Kim;1;192.168.0.208;1738490934
Sophia;1;192.168.3.8;1738490935
Salah;1;192.168.0.233;1738490936
Salah;;192.168.3.95;1738490937
Son;1;192.168.3.144;1738490938
Arnold;5;192.168.0.141;1738490939
Henderson;5;192.168.3.252;1738490940
Maria;;192.168.1.163;1738490941
Nelson;5;192.168.2.239;1738490942
Son;5;192.168.1.227;1738490943
Arnold;;192.168.3.241;1738490944
Nelson;5;192.168.2.202;1738490945
Kim;5;192.168.2.25;1738490946
Henderson;3;192.168.3.81;1738490947
Arnold;;192.168.3.220;1738490948
Arnold;3;192.168.2.40;1738490949
Patrick;3;192.168.0.106;1738490950
Henderson;5;192.168.3.252;1738490951
John;3;192.168.3.228;1738490952
Henderson;5;192.168.2.117;1738490953
Kim;1;192.168.3.110;1738490954
Patrick;5;192.168.1.75;1738490955
John;1;192.168.1.246;1738490956
Maria;1;192.168.2.163;1738490957
John;3;192.168.3.100;1738490958
Henderson;5;192.168.1.54;1738490959
Nelson;5;192.168.0.224;1738490960
Son;3;192.168.3.26;1738490961
Patrick;5;192.168.1.156;1738490962
Henderson;3;192.168.2.189;1738490963
Nelson;1;192.168.3.109;1738490964
Maria;1;192.168.3.29;1738490965
Maria;3;192.168.2.140;1738490966
Patrick;1;192.168.0.124;1738490967
John;;192.168.0.106;1738490968
Nelson;3;192.168.3.176;1738490969
Patrick;3;192.168.2.108;1738490970
John;5;192.168.3.126;1738490971
Nelson;5;192.168.3.87;1738490972
John;;192.168.0.145;1738490973
John;3;192.168.3.205;1738490974
Maria;5;192.168.0.164;1738490975
John;3;192.168.3.202;1738490976
John;5;192.168.2.246;1738490977
Maria;1;192.168.1.106;1738490978
Son;;192.168.2.244;1738490979
Sophia;1;192.168.0.114;1738490980
Patrick;;192.168.2.72;1738490981
Kim;1;192.168.0.220;1738490982
Patrick;1;192.168.2.171;1738490983
Patrick;3;192.168.2.126;1738490984
Son;1;192.168.2.72;1738490985
Sophia;5;192.168.1.233;1738490986
John;5;192.168.2.3;1738490987
Patrick;1;192.168.2.20;1738490988
John;;192.168.1.148;1738490989
Henderson;;192.168.2.34;1738490990
Salah;3;192.168.0.70;1738490991
Arnold;3;192.168.0.131;1738490992
Kim;;192.168.1.132;1738490993
Salah;;192.168.1.10;1738490994
Sophia;;192.168.0.221;1738490995
Henderson;5;192.168.2.212;1738490996
Salah;;192.168.1.0;1738490997
Henderson;3;192.168.2.124;1738490998
Nelson;;192.168.2.37;1738490999
Sophia;5;192.168.2.60;1738491000
Patrick;;192.168.2.245;1738491001
Arnold;1;192.168.2.126;1738491002
Maria;1;192.168.1.197;1738491003
Henderson;1;192.168.0.110;1738491004
Son;3;192.168.0.153;1738491005
Maria;1;192.168.2.228;1738491006
John;1;192.168.3.171;1738491007
Salah;1;192.168.3.193;1738491008
Son;1;192.168.3.109;1738491009
Patrick;1;192.168.0.175;1738491010
Son;5;192.168.1.23;1738491011
Son;1;192.168.1.34;1738491012
Henderson;5;192.168.1.166;1738491013
Henderson;1;192.168.3.120;1738491014
John;1;192.168.1.8;1738491015
Son;3;192.168.0.129;1738491016
Patrick;5;192.168.0.110;1738491017
Kim;;192.168.2.172;1738491018
Sophia;3;192.168.3.154;1738491019
Arnold;5;192.168.2.176;1738491020
Henderson;5;192.168.2.24;1738491021
Arnold;5;192.168.1.199;1738491022
John;5;192.168.2.240;1738491023
Henderson;5;192.168.2.4;1738491024
Maria;3;192.168.1.41;1738491025
Son;1;192.168.2.2;1738491026
Son;3;192.168.2.100;1738491027
Nelson;5;192.168.2.9;1738491028
Henderson;5;192.168.2.134;1738491029
Sophia;5;192.168.3.27;1738491030
Salah;3;192.168.2.112;1738491031
Henderson;3;192.168.0.219;1738491032
Nelson;;192.168.1.71;1738491033
Son;1;192.168.0.73;1738491034
Kim;5;192.168.1.57;1738491035
Henderson;3;192.168.3.204;1738491036
Patrick;1;192.168.1.232;1738491037
Sophia;5;192.168.1.231;1738491038
Arnold;5;192.168.2.157;1738491039
Henderson;1;192.168.3.133;1738491040
Son;1;192.168.1.167;1738491041
Arnold;1;192.168.0.36;1738491042
Son;;192.168.0.239;1738491043
Maria;1;192.168.2.102;1738491044
Son;3;192.168.3.152;1738491045
Salah;1;192.168.2.216;1738491046
Maria;;192.168.3.116;1738491047
Arnold;1;192.168.1.18;1738491048
Sophia;1;192.168.1.63;1738491049
Nelson;;192.168.0.252;1738491050
Sophia;3;192.168.2.229;1738491051
Salah;;192.168.1.45;1738491052
John;1;192.168.2.133;1738491053
Salah;1;192.168.3.66;1738491054
Sophia;3;192.168.2.101;1738491055
Arnold;5;192.168.3.211;1738491056
Patrick;5;192.168.1.52;1738491057
Maria;1;192.168.0.65;1738491058
Salah;1;192.168.1.94;1738491059
Maria;3;192.168.0.202;1738491060
Maria;1;192.168.3.161;1738491061
Son;5;192.168.3.139;1738491062
Patrick;;192.168.1.25;1738491063
Patrick;5;192.168.3.28;1738491064
Kim;1;192.168.0.143;1738491065
Kim;;192.168.3.149;1738491066
John;1;192.168.1.142;1738491067
Henderson;1;192.168.3.40;1738491068
Kim;3;192.168.0.124;1738491069
Salah;3;192.168.0.15;1738491070
Sophia;1;192.168.1.5;1738491071
Son;5;192.168.0.1;1738491072
Nelson;1;192.168.1.67;1738491073
John;3;192.168.3.82;1738491074
Henderson;5;192.168.3.189;1738491075
Sophia;5;192.168.2.13;1738491076
Kim;5;192.168.2.116;1738491077
Nelson;5;192.168.0.37;1738491078
Arnold;1;192.168.2.203;1738491079
Maria;3;192.168.0.112;1738491080
Sophia;5;192.168.0.23;1738491081
Salah;5;192.168.3.210;1738491082
Henderson;3;192.168.0.235;1738491083
John;3;192.168.1.94;1738491084
Salah;5;192.168.0.219;1738491085
Patrick;3;192.168.3.73;1738491086
Henderson;3;192.168.1.254;1738491087
Maria;;192.168.2.7;1738491088
Sophia;1;192.168.2.40;1738491089
Sophia;3;192.168.3.175;1738491090
Son;3;192.168.3.127;1738491091
Arnold;3;192.168.0.181;1738491092
Salah;3;192.168.0.113;1738491093
Kim;;192.168.1.164;1738491094
John;;192.168.2.106;1738491095
Kim;5;192.168.2.136;1738491096
John;1;192.168.1.176;1738491097
Son;5;192.168.2.190;1738491098
Arnold;1;192.168.3.74;1738491099
Nelson;;192.168.1.229;1738491100
John;5;192.168.0.252;1738491101
John;5;192.168.0.155;1738491102
Kim;;192.168.2.183;1738491103
Nelson;5;192.168.3.1;1738491104
John;3;192.168.2.243;1738491105
Kim;3;192.168.1.109;1738491106
Salah;;192.168.3.186;1738491107
Son;1;192.168.1.162;1738491108
Patrick;5;192.168.2.206;1738491109
Sophia;;192.168.0.251;1738491110
John;5;192.168.0.148;1738491111
Son;;192.168.0.47;1738491112
Nelson;5;192.168.3.57;1738491113
Patrick;5;192.168.1.63;1738491114
Arnold;3;192.168.1.145;1738491115
Arnold;1;192.168.1.71;1738491116
Henderson;3;192.168.0.100;1738491117
Sophia;5;192.168.3.73;1738491118
Sophia;3;192.168.2.31;1738491119
Salah;3;192.168.3.197;1738491120
Patrick;1;192.168.2.84;1738491121
Maria;3;192.168.0.110;1738491122
John;5;192.168.2.111;1738491123
Maria;3;192.168.2.72;1738491124
Kim;1;192.168.1.44;1738491125
Nelson;5;192.168.0.120;1738491126
Nelson;;192.168.2.220;1738491127
Sophia;5;192.168.1.207;1738491128
Maria;1;192.168.0.226;1738491129
Salah;1;192.168.3.102;1738491130
Henderson;1;192.168.0.252;1738491131
Arnold;3;192.168.0.180;1738491132
Son;5;192.168.1.178;1738491133
Arnold;;192.168.1.111;1738491134
Kim;3;192.168.3.110;1738491135
Kim;3;192.168.2.213;1738491136
Henderson;3;192.168.3.249;1738491137
John;;192.168.1.197;1738491138
Arnold;;192.168.3.192;1738491139
Patrick;3;192.168.1.113;1738491140
John;3;192.168.0.225;1738491141
Salah;5;192.168.1.214;1738491142
Salah;1;192.168.0.137;1738491143
John;5;192.168.3.90;1738491144
John;;192.168.0.64;1738491145
Patrick;5;192.168.1.82;1738491146
Maria;;192.168.0.137;1738491147
Henderson;3;192.168.2.46;1738491148
Son;3;192.168.0.201;1738491149
John;;192.168.3.227;1738491150
Salah;5;192.168.2.144;1738491151
Henderson;;192.168.0.98;1738491152
Arnold;5;192.168.1.142;1738491153
Arnold;3;192.168.1.243;1738491154
Nelson;;192.168.1.125;1738491155
Sophia;1;192.168.0.30;1738491156
Maria;3;192.168.0.113;1738491157
John;;192.168.3.214;1738491158
John;5;192.168.3.228;1738491159
Sophia;;192.168.1.87;1738491160
Patrick;5;192.168.1.143;1738491161
Salah;1;192.168.1.194;1738491162
Maria;5;192.168.2.79;1738491163
Maria;3;192.168.1.240;1738491164
Salah;5;192.168.2.24;1738491165
Nelson;;192.168.0.83;1738491166
Maria;;192.168.1.3;1738491167
John;5;192.168.3.125;1738491168
Arnold;3;192.168.2.214;1738491169
Salah;3;192.168.0.244;1738491170
Nelson;5;192.168.2.159;1738491171
Nelson;1;192.168.0.93;1738491172
Son;1;192.168.2.133;1738491173
John;;192.168.0.101;1738491174
Henderson;;192.168.1.211;1738491175
Arnold;5;192.168.1.198;1738491176
Nelson;;192.168.1.193;1738491177
Henderson;3;192.168.0.87;1738491178
Henderson;;192.168.0.229;1738491179
Maria;;192.168.3.4;1738491180
John;;192.168.1.231;1738491181
Son;3;192.168.1.105;1738491182
Sophia;;192.168.2.53;1738491183
Salah;3;192.168.3.224;1738491184
Sophia;1;192.168.1.95;1738491185
Son;3;192.168.1.69;1738491186
Son;3;192.168.0.250;1738491187
Arnold;5;192.168.3.9;1738491188
Maria;;192.168.3.33;1738491189
Patrick;3;192.168.1.92;1738491190
Salah;;192.168.3.246;1738491191
Maria;5;192.168.2.236;1738491192
Sophia;3;192.168.2.108;1738491193
Henderson;1;192.168.1.64;1738491194
Son;;192.168.3.0;1738491195
Sophia;;192.168.1.245;1738491196
John;3;192.168.3.218;1738491197
John;;192.168.0.112;1738491198
Nelson;;192.168.3.64;1738491199
Sophia;1;192.168.3.204;1738491200
Sophia;5;192.168.0.77;1738491201
Salah;3;192.168.3.232;1738491202
Arnold;1;192.168.0.67;1738491203
Salah;3;192.168.1.48;1738491204
John;1;192.168.2.218;1738491205
Maria;3;192.168.2.223;1738491206
Arnold;5;192.168.1.255;1738491207
Salah;5;192.168.0.171;1738491208
Son;3;192.168.2.150;1738491209
Nelson;;192.168.3.187;1738491210
Salah;5;192.168.0.89;1738491211
Henderson;5;192.168.3.48;1738491212
Patrick;3;192.168.3.78;1738491213
Maria;5;192.168.2.215;1738491214
Henderson;5;192.168.2.68;1738491215
Henderson;;192.168.2.118;1738491216
Nelson;5;192.168.1.124;1738491217
Salah;5;192.168.2.152;1738491218
Nelson;3;192.168.0.199;1738491219
Salah;3;192.168.1.53;1738491220
Kim;5;192.168.3.6;1738491221
Nelson;3;192.168.0.129;1738491222
Sophia;1;192.168.2.48;1738491223
Patrick;3;192.168.1.232;1738491224
Patrick;;192.168.3.33;1738491225
Maria;;192.168.3.91;1738491226
Maria;;192.168.0.241;1738491227
Nelson;3;192.168.0.222;1738491228
Nelson;;192.168.3.200;1738491229
Henderson;;192.168.2.251;1738491230
Salah;;192.168.2.89;1738491231
Patrick;1;192.168.2.14;1738491232
John;5;192.168.0.1;1738491233
Nelson;;192.168.3.219;1738491234
Patrick;;192.168.1.59;1738491235
John;1;192.168.2.6;1738491236
Salah;1;192.168.1.159;1738491237
Sophia;;192.168.2.111;1738491238
Nelson;3;192.168.1.94;1738491239
Nelson;;192.168.1.149;1738491240
Maria;3;192.168.0.49;1738491241
Nelson;5;192.168.1.32;1738491242
Salah;;192.168.0.199;1738491243
Henderson;3;192.168.1.242;1738491244
Maria;1;192.168.0.231;1738491245
Kim;1;192.168.0.162;1738491246
John;3;192.168.3.162;1738491247
Salah;3;192.168.0.248;1738491248
Arnold;5;192.168.0.75;1738491249
Sophia;5;192.168.2.232;1738491250
John;3;192.168.1.33;1738491251
Son;3;192.168.0.73;1738491252
Nelson;3;192.168.0.233;1738491253
Arnold;5;192.168.0.99;1738491254
Maria;1;192.168.2.2;1738491255
Patrick;3;192.168.0.41;1738491256
Patrick;;192.168.1.22;1738491257
Maria;3;192.168.3.141;1738491258
Sophia;;192.168.1.73;1738491259
Sophia;;192.168.0.235;1738491260
Henderson;;192.168.3.37;1738491261
John;3;192.168.0.107;1738491262
Henderson;;192.168.3.123;1738491263
Patrick;1;192.168.2.152;1738491264
Son;1;192.168.0.127;1738491265
John;1;192.168.2.246;1738491266
Sophia;;192.168.0.109;1738491267
John;5;192.168.1.63;1738491268
Salah;;192.168.1.236;1738491269
Nelson;5;192.168.2.90;1738491270
Son;;192.168.2.45;1738491271
Sophia;3;192.168.3.60;1738491272
Patrick;3;192.168.2.194;1738491273
Sophia;3;192.168.0.109;1738491274
Maria;1;192.168.3.210;1738491275
Salah;;192.168.3.208;1738491276
Salah;3;192.168.3.162;1738491277
Salah;;192.168.1.148;1738491278
Arnold;5;192.168.3.201;1738491279
Arnold;5;192.168.1.12;1738491280
Henderson;3;192.168.3.74;1738491281
Sophia;3;192.168.1.47;1738491282
Salah;3;192.168.2.172;1738491283
Patrick;1;192.168.1.44;1738491284
Kim;3;192.168.2.123;1738491285
Maria;3;192.168.0.151;1738491286
Nelson;5;192.168.2.171;1738491287
Son;5;192.168.1.164;1738491288
Patrick;5;192.168.2.164;1738491289
Henderson;1;192.168.1.247;1738491290
Maria;;192.168.1.3;1738491291
Nelson;;192.168.2.121;1738491292
Son;5;192.168.3.223;1738491293
Kim;;192.168.0.232;1738491294
Patrick;5;192.168.2.51;1738491295
Patrick;;192.168.0.198;1738491296
Henderson;1;192.168.0.69;1738491297
John;;192.168.2.93;1738491298
Arnold;3;192.168.1.29;1738491299
Arnold;1;192.168.0.39;1738491300
Sophia;5;192.168.3.133;1738491301
Maria;5;192.168.1.229;1738491303
Sophia;5;192.168.3.8;1738491304
Sophia;3;192.168.2.191;1738491305
Maria;1;192.168.0.42;1738491306
Arnold;1;192.168.3.1;1738491307
Nelson;3;192.168.3.48;1738491308
Sophia;3;192.168.2.23;1738491309
Sophia;5;192.168.0.13;1738491310
Nelson;1;192.168.0.229;1738491311
Salah;1;192.168.2.250;1738491312
Henderson;5;192.168.2.199;1738491313
Henderson;;192.168.1.135;1738491314
Sophia;;192.168.3.185;1738491315
Arnold;5;192.168.3.14;1738491316
Henderson;1;192.168.1.180;1738491317
Maria;;192.168.2.115;1738491318
Maria;3;192.168.0.227;1738491319
Henderson;3;192.168.3.108;1738491320
Son;;192.168.3.81;1738491321
Nelson;3;192.168.2.240;1738491322
Nelson;3;192.168.2.234;1738491323
Arnold;5;192.168.3.186;1738491324
Sophia;3;192.168.1.29;1738491325
Sophia;5;192.168.3.212;1738491326
Kim;;192.168.2.177;1738491327
Sophia;1;192.168.0.104;1738491328
Arnold;3;192.168.0.15;1738491329
Salah;;192.168.1.10;1738491330
Salah;3;192.168.2.14;1738491331
Kim;1;192.168.2.110;1738491332
Arnold;3;192.168.2.225;1738491333
Kim;1;192.168.0.47;1738491334
Maria;3;192.168.1.147;1738491335
Henderson;;192.168.2.200;1738491336
Sophia;;192.168.2.158;1738491337
Maria;3;192.168.3.28;1738491338
Kim;3;192.168.0.156;1738491339
Henderson;;192.168.3.232;1738491340
Maria;1;192.168.0.254;1738491341
Sophia;3;192.168.0.135;1738491342
Sophia;5;192.168.0.102;1738491343
Patrick;;192.168.1.119;1738491344
Maria;;192.168.0.160;1738491345
Kim;5;192.168.0.177;1738491346
Son;1;192.168.2.255;1738491347
Arnold;;192.168.1.229;1738491348
Kim;5;192.168.3.206;1738491349
Patrick;;192.168.1.129;1738491350
Kim;1;192.168.1.93;1738491351
Nelson;5;192.168.2.185;1738491352
Kim;;192.168.3.147;1738491353
Son;;192.168.2.194;1738491354
Sophia;;192.168.2.214;1738491355
Arnold;;192.168.0.161;1738491356
Kim;5;192.168.2.101;1738491357
Henderson;5;192.168.0.40;1738491358
John;3;192.168.3.111;1738491359
Kim;;192.168.2.53;1738491360
Son;;192.168.2.229;1738491361
Arnold;1;192.168.1.131;1738491362
John;1;192.168.0.6;1738491363
Maria;;192.168.2.214;1738491364
Henderson;1;192.168.1.113;1738491365
John;;192.168.2.102;1738491366
Kim;;192.168.0.162;1738491367
Salah;3;192.168.1.138;1738491368
Sophia;5;192.168.2.187;1738491369
Henderson;1;192.168.2.5;1738491370
Kim;3;192.168.0.246;1738491371
Nelson;5;192.168.2.192;1738491372
Sophia;;192.168.3.209;1738491373
Kim;5;192.168.0.47;1738491374
Patrick;1;192.168.2.20;1738491375
Sophia;3;192.168.3.11;1738491376
John;1;192.168.3.227;1738491377
Arnold;3;192.168.3.64;1738491378
Sophia;;192.168.1.250;1738491379
Kim;1;192.168.1.54;1738491380
Arnold;3;192.168.1.229;1738491381
Sophia;1;192.168.1.107;1738491382
Sophia;5;192.168.3.0;1738491383
Kim;1;192.168.3.218;1738491384
Salah;5;192.168.1.251;1738491385
John;;192.168.1.132;1738491386
John;5;192.168.3.78;1738491387
Sophia;1;192.168.2.63;1738491388
Patrick;;192.168.1.125;1738491389
Patrick;3;192.168.0.109;1738491390
Salah;1;192.168.3.163;1738491391
Arnold;;192.168.1.125;1738491392
Kim;3;192.168.0.190;1738491393
Kim;5;192.168.1.25;1738491394
Maria;1;192.168.0.208;1738491395
Arnold;3;192.168.3.132;1738491396
Son;1;192.168.2.45;1738491397
John;1;192.168.3.7;1738491398
Patrick;;192.168.0.63;1738491399
Salah;1;192.168.1.216;1738491400
Salah;5;192.168.2.166;1738491401
Maria;5;192.168.1.158;1738491402
Arnold;;192.168.3.182;1738491403
Salah;5;192.168.2.253;1738491404
Maria;5;192.168.3.12;1738491405
Salah;5;192.168.3.230;1738491406
John;5;192.168.1.144;1738491407
Arnold;;192.168.1.230;1738491408
John;;192.168.3.30;1738491409
Nelson;5;192.168.3.55;1738491410
Kim;3;192.168.0.38;1738491411
Salah;;192.168.3.218;1738491412
Nelson;3;192.168.2.198;1738491413
Son;;192.168.0.97;1738491414
Salah;5;192.168.1.136;1738491415
Son;1;192.168.3.199;1738491416
Maria;3;192.168.2.225;1738491417
Salah;5;192.168.3.151;1738491418
Son;3;192.168.2.252;1738491419
Patrick;5;192.168.2.197;1738491420
Arnold;3;192.168.1.48;1738491421
Patrick;;192.168.0.162;1738491422
Kim;;192.168.3.166;1738491423
Sophia;1;192.168.0.1;1738491424
Patrick;;192.168.0.74;1738491425
Son;3;192.168.2.183;1738491426
Henderson;;192.168.0.180;1738491427
Maria;;192.168.2.157;1738491428
Nelson;;192.168.0.15;1738491429
Arnold;3;192.168.2.150;1738491430
Sophia;1;192.168.0.12;1738491431
Son;1;192.168.0.145;1738491432
Son;3;192.168.3.71;1738491433
Salah;5;192.168.0.177;1738491434
Sophia;3;192.168.3.214;1738491435
Patrick;5;192.168.0.161;1738491436
Maria;5;192.168.1.50;1738491437
Nelson;1;192.168.0.229;1738491438
Sophia;1;192.168.0.11;1738491439
Arnold;;192.168.3.78;1738491440
Son;;192.168.0.242;1738491441
Nelson;;192.168.0.194;1738491442
Maria;3;192.168.1.180;1738491443
Henderson;;192.168.2.82;1738491444
Maria;1;192.168.0.209;1738491445
Kim;1;192.168.3.182;1738491446
Henderson;;192.168.1.247;1738491447
Henderson;3;192.168.0.90;1738491448
Maria;;192.168.3.181;1738491449
Arnold;3;192.168.2.72;1738491450
Maria;;192.168.3.233;1738491451
Henderson;5;192.168.1.44;1738491452
Kim;3;192.168.3.92;1738491453
Arnold;1;192.168.1.217;1738491454
John;3;192.168.3.204;1738491455
Patrick;3;192.168.2.151;1738491456
Sophia;;192.168.1.40;1738491457
Salah;;192.168.1.60;1738491458
Maria;;192.168.3.2;1738491459
Son;;192.168.1.34;1738491460
Kim;1;192.168.1.145;1738491461
Kim;;192.168.1.198;1738491462
Salah;;192.168.1.99;1738491463
Henderson;1;192.168.2.99;1738491464
Arnold;1;192.168.1.182;1738491465
Kim;;192.168.3.166;1738491466
John;;192.168.2.246;1738491467
Patrick;1;192.168.2.152;1738491468
Maria;;192.168.3.14;1738491469
Henderson;3;192.168.2.218;1738491470
Sophia;3;192.168.0.215;1738491471
Maria;5;192.168.2.50;1738491472
Maria;3;192.168.0.246;1738491473
Kim;5;192.168.1.244;1738491474
Kim;1;192.168.1.52;1738491475
Maria;;192.168.3.230;1738491476
Salah;;192.168.3.69;1738491477
Henderson;1;192.168.0.128;1738491478
Patrick;1;192.168.3.106;1738491479
Salah;3;192.168.0.24;1738491480
Son;5;192.168.3.10;1738491481
Salah;5;192.168.3.189;1738491482
Arnold;3;192.168.3.40;1738491483
Henderson;5;192.168.1.101;1738491484
Arnold;1;192.168.1.82;1738491485
Henderson;5;192.168.2.251;1738491486
Arnold;3;192.168.3.86;1738491487
Arnold;3;192.168.3.60;1738491488
John;1;192.168.3.7;1738491489
Kim;5;192.168.0.198;1738491490
John;;192.168.3.130;1738491491
Maria;3;192.168.3.230;1738491492
Sophia;3;192.168.3.72;1738491493
Patrick;1;192.168.1.48;1738491494
Sophia;1;192.168.1.30;1738491495
Kim;3;192.168.0.218;1738491496
Nelson;5;192.168.2.116;1738491497
Nelson;3;192.168.3.21;1738491498
Henderson;;192.168.2.2;1738491499
John;;192.168.3.198;1738491500
Patrick;1;192.168.1.114;1738491501
Maria;5;192.168.2.234;1738491502
Salah;1;192.168.1.178;1738491503
Maria;5;192.168.1.228;1738491504
Henderson;3;192.168.3.50;1738491505
